<?xml version="1.0" encoding="UTF-8"?>
<project-private xmlns="http://www.netbeans.org/ns/project-private/1">
    <editor-bookmarks xmlns="http://www.netbeans.org/ns/editor-bookmarks/2" lastBookmarkId="0"/>
    <open-files xmlns="http://www.netbeans.org/ns/projectui-open-files/2">
        <group>
            <file>file:/C:/Users/edi/Documents/David%20López/Cola/src/cola/Cola.java</file>
            <file>file:/C:/Users/edi/Documents/David%20López/Cola/src/cola/EmptyCollectionException.java</file>
            <file>file:/C:/Users/edi/Documents/David%20López/Cola/src/cola/ArrayQueue.java</file>
            <file>file:/C:/Users/edi/Documents/David%20López/Cola/src/cola/QueueADT.java</file>
        </group>
    </open-files>
</project-private>
